Title,Url,Duration,Views
EL COLCH√ìN QUE SE HUNDE (Broma telef√≥nica),https://www.youtube.com/watch?v=JsBerCq5PXo,17:41,3.691.306 
POSEID√ìN | Destripando la Historia | Canci√≥n,https://www.youtube.com/watch?v=2-VTUyI3w7U,2:52,5.111.568 
"Farruko, Ozuna, Lunay - Nadie (Remix - Official Lyric Video) ft. Sech, Sharo Towers",https://www.youtube.com/watch?v=BRzwi2-P1cg,4:33,2.517.553 
Rels B - ORGULLO (Videoclip Oficial),https://www.youtube.com/watch?v=jkfmFAdrbxg,3:06,931.687 
Natos - TRANQUILITO ft. Alejandro Deese (Lyric Video),https://www.youtube.com/watch?v=fl1VDm719IQ,3:04,136.594 
LA RESISTENCIA - Entrevista a Gerard Piqu√© | #LaResistencia 10.10.2019,https://www.youtube.com/watch?v=7b29bya_u2A,20:51,749.555 
OT CASTING LAS PALMAS DE GRAN CANARIA | FASE 1 | OT 2020,https://www.youtube.com/watch?v=uttZfh9UWQg,3:55:34,76.810 
REACCIONANDO AL V√çDEO M√ÅS GRACIOSO QUE HE VISTO EN A√ëOS | Triumph The Dog,https://www.youtube.com/watch?v=gTwZC-BrOKM,17:19,246.301 
Harry Styles - Lights Up (Official Video),https://www.youtube.com/watch?v=9NZvM1918_E,2:56,3.930.107 
"TINI, Sebasti√°n Yatra - Oye",https://www.youtube.com/watch?v=azfKhDMIrZo,3:24,1.172.427 
PUEDO COMER M√ÅS que los 2 HOMBRES M√ÅS FUERTES de ESPA√ëA en un RETO DE COMIDA ¬øQUI√âN PUEDE COMER M√ÅS?,https://www.youtube.com/watch?v=uaQr2s5C_TI,19:15,404.916 
Becky G - MALA SANTA (Official Video),https://www.youtube.com/watch?v=w2Ro8cgsmss,2:58,605.442 
ESCAPE ROOM,https://www.youtube.com/watch?v=a1PxgdWF__M,1:02,53.036 
Phoenix (con Cailin Russo y Chrissy Costanza) | Mundial 2019 - League of Legends,https://www.youtube.com/watch?v=i1IKnWDecwA,3:28,8.679.543 
Nicki Nicole - F**cking Diablo (Video Oficial),https://www.youtube.com/watch?v=Et85OMRG69E,3:06,2.009.370 
Lorena Santos - Si el supiera Ft. David Jimenez (Videoclip Oficial),https://www.youtube.com/watch?v=a6nvbA2ddd8,3:33,74.335 
La Vida Moderna | 6x24 | Programa con maceta,https://www.youtube.com/watch?v=Denjx7_7fyU,39:36,123.290 
Melendi - Por Encima de la Bruma (Lyric Video),https://www.youtube.com/watch?v=iLziVn4Uj3U,4:23,105.979 
El duelo m√°s re√±ido entre Gerard Piqu√© y David Ferrer - El Hormiguero,https://www.youtube.com/watch?v=qAqOgURJKp4,4:37,68.580 
Hace una de las peores actuaciones del casting de OT 2020 y lo que se esconde detr√°s ni lo imaginas,https://www.youtube.com/watch?v=YB9wYy3JCww,1:41,123.626 
Cuartos de final femeninos - Estrella Damm Menorca Open 2019 - World Padel Tour,https://www.youtube.com/watch?v=s3J9vheFH1s,5:09:25,97.148 
"The Black Eyed Peas, J Balvin - RITMO (Bad Boys For Life)",https://www.youtube.com/watch?v=EzKkl64rRbM,3:39,179.761 
Abascal a El Hormiguero,https://www.youtube.com/watch?v=ySGrdOFwWAw,3:23,33.002 
"Uniforme - Rich Music, Sech, Dalex, Justin Quiles, Lenny Tav√°rez, Feid, Zion, Lennox, De La Ghetto",https://www.youtube.com/watch?v=t-ekHXWUFNA,4:40,113.382 
Descubriendo amorsitos de nuevo en Edimburgo,https://www.youtube.com/watch?v=4a4PzmovMaw,21:42,116.315 
√ìscar Casas y Bego√±a Vargas revolucionan las redes bailando,https://www.youtube.com/watch?v=H7WP-cmiVSU,1:23,67.555 
QUE HACE FELIZ A PACO? ü§îü§îü§îü§îü§î,https://www.youtube.com/watch?v=sFh4PeVWNUc,0:56,62.942 
10 a√±os de League of Legends (4/5) - ¬°CUIDAO!,https://www.youtube.com/watch?v=i267qKcixRA,3:18,71.127 
LATE MOTIV - Miguel Maldonado. Atraco a la Moncloa | #LateMotiv597,https://www.youtube.com/watch?v=a4t1dFSzhJ4,13:33,86.365 
"CNCO, Manuel Turizo - Pegao (Official Video)",https://www.youtube.com/watch?v=8Vp1UBOqXno,3:33,504.193 
"Fat Joe, Cardi B, Anuel AA - YES (Official Video)",https://www.youtube.com/watch?v=mwwvOwhNF6M,3:55,12.750.211 
SABES QUE EST√ÅS ABUSANDO CUANDO...,https://www.youtube.com/watch?v=lwN6dxRrsQ4,10:11,524.542 
Toteking & Easy-S - Brindis (Prod. Stash House),https://www.youtube.com/watch?v=5Q5s9N1vlLs,4:15,243.567 
UN ZOMBIE ME TRAE UNA CAJA A LA PUERTA üéÉ Halloween üëª BoxyCharm Unboxing - SandraCiresArt,https://www.youtube.com/watch?v=mt0NtCyZDzM,8:43,586.411 
"EL COMIDISTA | Cacaos en polvo: ¬øcu√°les son saludables y cu√°les ""az√∫car marr√≥n""?",https://www.youtube.com/watch?v=tg8d4Uao3VI,5:42,254.009 
¬°RECOMPENSAS DE FUT CHAMPIONS Y RIVALS! | ¬°CAMINANTE ARGENTINO!,https://www.youtube.com/watch?v=2F_20vOCoE4,10:53,42.581 
"Mau y Ricky, Nicky Jam - BOTA FUEGO (Official Video)",https://www.youtube.com/watch?v=04uQl73tTFM,3:43,403.538 
"esta chica miente, tiene 13 a√±os y lo oculta por los motivos m√°s absurdos (Danielle Cohn)",https://www.youtube.com/watch?v=vjUPLh6x60o,24:04,918.082 
"3 famosos videos inexplicables, de 2019",https://www.youtube.com/watch?v=MQC4PjQBmmI,8:22,1.480.455 
Lali - LALIGERA (Official Video),https://www.youtube.com/watch?v=fjbUuu1smLc,3:11,532.075 
El momento m√°s delirante de Pesadilla en la cocina: la pelea entre Marco y Antonio,https://www.youtube.com/watch?v=YL3vl5NOtXM,1:25,31.467 
"Los aspirantes se enfrentan a cocinar marisco ¬°muy, muy fresco! | MasterChef Celebrity 4",https://www.youtube.com/watch?v=60aeik-crEg,3:42,34.872 
"B√âLGICA marca NUEVE y CLASIFICA | Preparan RENOVACI√ìN de MESSI | ""Juego con RABIA"": BALE",https://www.youtube.com/watch?v=XeqBKtOtnpc,5:47,627.914 
"Las l√°grimas de Miguel Angel Valerio ""Don Miguelo"" (ALOFOKE SIN CENSURA SPECIAL EDITION)",https://www.youtube.com/watch?v=V8VjxgVM1To,1:04:16,449.929 
"¬øQUI√âN ES M√ÅS PROBABLE QUE...? | Griezmann, Demb√©l√©, Umtiti, Lenglet & Todibo",https://www.youtube.com/watch?v=tDmAIEQdb-0,5:51,267.634 
üî± POSEID√ìN üî± [ Destripando la historia ] - REACCIONANDO,https://www.youtube.com/watch?v=sRQHp16Sa14,5:12,61.687 
"AMBKOR - 2. ""MIEDO"" ft. EL CHOJ√çN | ""FREE SOLO"" [VIDEOCLIP OFICIAL]",https://www.youtube.com/watch?v=gXsv3wnyqTw,5:04,330.169 
El mordisco de Su√°rez a Chiellini contado por el √°rbitro Chiquimarco. #Mundomaldini,https://www.youtube.com/watch?v=Tj1uAOaxdeM,13:24,42.279 
C√≥mo conocimos a WILL SMITH,https://www.youtube.com/watch?v=BbE_Yxy7YK8,4:33,161.421 
EL MILAGRO DE LOS BROOKLYN NETS,https://www.youtube.com/watch?v=OwSp0t06b8k,14:42,32.134 
LA RESISTENCIA - Entrevista a Maldini | #LaResistencia 08.10.2019,https://www.youtube.com/watch?v=GECGmDt3epY,19:52,1.204.400 
Natti Natasha X Romeo Santos - La Mejor Versi√≥n De Mi (Remix) [Official Video],https://www.youtube.com/watch?v=R9rVapGCf2c,4:02,22.620.612 
TRUENO || BZRP Music Sessions #16,https://www.youtube.com/watch?v=SSuTme04Bys,2:42,11.395.846 
"Maluma, J Balvin - Qu√© Pena (Official Video)",https://www.youtube.com/watch?v=Geyg_F5pfHE,3:54,51.606.162 
Resumen de FC Barcelona vs Sevilla FC (4-0),https://www.youtube.com/watch?v=N2h184v-9TQ,1:31,2.835.154 
Natos y Waor - DISPUESTOS A MORIR ft. C.R.O & Homer el Mero Mero (Videoclip Oficial),https://www.youtube.com/watch?v=RCyR6eugk-Q,4:21,2.029.789 
PROK - CAF√â SOLO | VIDEOCLIP (PROD DJ KERU),https://www.youtube.com/watch?v=zLCESGXveFg,3:18,794.741 
FERNANDOCOSTA - READY TO FIGHT | VIDEOCLIP,https://www.youtube.com/watch?v=DE2blz8_vcU,3:04,950.710 
MORAD - PROFESORES [VIDEO OFICIAL],https://www.youtube.com/watch?v=Z9Ud425IV98,3:47,1.082.073 
"Sech, Ozuna - Si Te Vas (Video Oficial)",https://www.youtube.com/watch?v=QhY1YU8AxLE,3:26,28.785.164 
OT CASTING BARCELONA COMPLETO | FASE 1 | OT 2020,https://www.youtube.com/watch?v=2N9I5DQJnF0,9:06:15,442.665 
Cosita,https://www.youtube.com/watch?v=iSUfIb3n8PQ,3:59,6.414.448 
El Barrio - El Danzar De Las Mariposas,https://www.youtube.com/watch?v=TAyHJoFCoEc,4:53,2.114.811 
Alba Reche - Medusa,https://www.youtube.com/watch?v=te8l8FVp2j4,2:44,1.098.253 
India Martinez - Conmigo,https://www.youtube.com/watch?v=gHNMGoVINbM,3:29,879.093 
La Vida Moderna | 6x23 | Programa con palo,https://www.youtube.com/watch?v=wUFs0B1TKG8,39:16,193.852 
Perreito (Remix),https://www.youtube.com/watch?v=Kv_BDvaXMec,3:31,11.672.166 
Antonio Jos√© - Me Equivocar√©,https://www.youtube.com/watch?v=rNFpnpawTJg,2:36,2.052.582 
Ocean (Remix),https://www.youtube.com/watch?v=bm1mfW7LIbM,3:13,8.079.603 
FMS ARGENTINA - Jornada 6 #FMSROSARIO Temporada 2019,https://www.youtube.com/watch?v=OPim27iDjTo,4:19:10,3.482.500 
Travis Scott - HIGHEST IN THE ROOM,https://www.youtube.com/watch?v=tfSS1e3kYeo,2:57,29.508.843 
"√ëejo, Nicky Jam - Mi Ex",https://www.youtube.com/watch?v=HPcDWrmCqWo,4:09,29.008.600 
Un viaje eterno,https://www.youtube.com/watch?v=cg-3pI6Q0O4,14:57,1.192.489 
Discurso de Santiago Abascal en Vistalegre Plus Ultra,https://www.youtube.com/watch?v=zDOvL1CDZeo,33:02,323.321 
GRIND - EL PATRON,https://www.youtube.com/watch?v=-h8Q6kJoScg,2:15,778.155 
El D√≠a Despu√©s (07/10/2019): Lo que el ojo no ve,https://www.youtube.com/watch?v=bL7hjHEr1NQ,6:13,393.713 
Jesse & Joy & Luis Fonsi - Tanto (Video Oficial),https://www.youtube.com/watch?v=ridGylKQ0WY,3:49,12.003.934 
"7 INVENTOS √öTILES CONTRA MOSCAS, MOSQUITOS Y ARA√ëAS | Curiosidades con Mike",https://www.youtube.com/watch?v=HxUaLfeC6xA,14:14,1.032.974 
j-hope 'Chicken Noodle Soup (feat. Becky G)' MV,https://www.youtube.com/watch?v=i23NEQEFpgQ,4:29,74.898.202 
Paulo Londra - Party Ft. A Boogie Wit da Hoodie (official Video),https://www.youtube.com/watch?v=uqFthfMTzeU,3:45,15.006.395 
Beret - Me vas a ver (Lyric Video),https://www.youtube.com/watch?v=Inm-N5rLUSI,2:17,8.750.274 
Miguel Mart√≠n canta 'Caresse sur l'ocean' | Audiciones a ciegas | La Voz Kids Antena 3 2019,https://www.youtube.com/watch?v=d-X_vKdTjYw,5:39,181.751 
12 Incre√≠bles Ideas y Bromas Con Sand√≠as,https://www.youtube.com/watch?v=ONg4uXW-paM,10:38,4.775.754 
"Exponiendo Infieles Ep. 134 | Una mentira duele, pero una verdad mata",https://www.youtube.com/watch?v=mEIzRM8wKi8,47:45,4.521.873 
